company_name,easyapply_url,first_seen_at
Ascension MyHealth Urgent Care,https://easyapply.co/job/medical-assistant-front-desk-14,2025-06-02T11:57:17-04:00
Brockton Home Health Care Agency LLC,https://easyapply.co/job/home-health-clinical-manager,2025-06-02T11:57:17-04:00
Brockton Home Health Care Agency LLC,https://easyapply.co/job/home-health-care-scheduler-needed,2025-06-02T11:57:17-04:00
Excel Staffing Solutions,https://easyapply.co/job/lpn-licensed-practical-nurse-30-00-plus-hr-evening-overnights-lpn-48-00-plus-hr-holiday-hours-1,2025-06-02T11:57:17-04:00
Receptionist/Office Assistant - Home Health Care,https://easyapply.co/job/receptionist-office-assistant-52,2025-06-02T11:57:17-04:00
1.1//Cook,https://easyapply.co/job/1-1-cook,2025-06-02T11:57:17-04:00
Brockton Home Health Care Agency LLC,https://easyapply.co/job/occupational-therapist-ot-523,2025-06-02T11:57:17-04:00
Prior Authorization Coordinator - Home Health Care,https://easyapply.co/job/prior-authorization-coordinator-3,2025-06-02T11:57:17-04:00
Excel Staffing Solutions,https://easyapply.co/job/registered-nurse-rn-per-diem-step-in-when-it-matters-most,2025-06-02T11:57:17-04:00
Relief Cook,https://easyapply.co/job/relief-cook-1,2025-06-02T11:57:17-04:00
All Tennessee CareGivers,https://easyapply.co/job/home-health-aide-non-medical-caregiver-knoxville,2025-06-02T11:57:17-04:00
Excel Staffing Solutions,https://easyapply.co/job/rn-superhero-a-k-a-school-nurse-extraordinaire-one-on-one-edition,2025-06-02T11:57:17-04:00
Brockton Home Health Care Agency LLC,https://easyapply.co/job/home-health-visits-registered-nurse,2025-06-02T11:57:17-04:00
All Tennessee CareGivers,https://easyapply.co/job/home-health-aide-non-medical-caregiver-branson-west-mo-1,2025-06-02T11:57:17-04:00
Excel Staffing Solutions,https://easyapply.co/job/rockstar-lpn-licensed-practical-nurse-lpn-one-on-one-support-for-special-education-students-yes-we-mean-you,2025-06-02T11:57:17-04:00
Ascension MyHealth Urgent Care,https://easyapply.co/job/office-manager-651,2025-06-02T11:57:17-04:00
Brockton Home Health Care Agency LLC,https://easyapply.co/job/home-health-aide-hha-companion-homemaker-1,2025-06-02T11:57:17-04:00
Granlibakken Tahoe,https://easyapply.co/job/customer-experiences-coordinator-groups,2025-06-02T11:57:17-04:00
Home Health Sales Associate/marketing,https://easyapply.co/job/home-health-sales-associate-marketing,2025-06-02T11:57:17-04:00
Excel Staffing Solutions,https://easyapply.co/job/cna-certified-nursing-assistant-30-00-plus-hr,2025-06-02T11:57:17-04:00
Brockton Home Health Care Agency LLC,https://easyapply.co/job/community-health-worker-and-office-manager-afc,2025-06-02T11:57:17-04:00
Scheduler Coordinator - Home Health Care,https://easyapply.co/job/home-care-scheduler-coordinator,2025-06-02T11:57:17-04:00
Brockton Home Health Care Agency LLC,https://easyapply.co/job/physical-therapist-pta-in-taunton-ma,2025-06-02T11:57:17-04:00
Ascension MyHealth Urgent Care,https://easyapply.co/job/medical-assistant-1340,2025-06-02T11:57:17-04:00
LPN Office Setting/ Office Manager - Home Health Care,https://easyapply.co/job/lpn-office-setting-office-manager,2025-06-02T11:57:17-04:00
Brockton Home Health Care Agency LLC,https://easyapply.co/job/speech-language-pathologist-1262,2025-06-02T11:57:17-04:00
Scheduler Coordinator - Home  Health,https://easyapply.co/job/scheduler-coordinator-home-health,2025-06-02T11:57:17-04:00
